Greg Steeves ;greg.steeves@gmx.net;nofear
Ivonne Diederich;ivonne.diederich@gmx.net;apple1
Maddison Peters;maddison.peters@web.de;christi
Hans-Otto Sauer;hans-otto.sauer@example.com;smiles
Sam Jimenez;sam.jimenez@example.com;xxxxx1
Liam Coleman;liam.coleman@freenet.de;harald
Floyd Lane;floyd.lane@gmail.com;bungle
Isabella Stephens;isabella.stephens@web.de;newness
Jimmie Terry;jimmie.terry@gmail.com;bayern
Darrell Gonzales;darrell.gonzales@example.com;187187
Francis Bowman;francis.bowman@gmx.net;kathy
Irmgard Scherer;irmgard.scherer@example.com;smudge
Danielle Cox;danielle.cox@web.de;whisky
Gabriela Wenz;gabriela.wenz@example.com;diamond1
Angel Armstrong;angel.armstrong@gmail.com;phantom1
Sylvia Elliott;sylvia.elliott@example.com;eastwood
Dorothea Grabow;dorothea.grabow@gmail.com;meagan
Nellie Hamilton;nellie.hamilton@web.de;santos
Faith Nichols;faith.nichols@gmx.net;thecrow
Kim Douglas;kim.douglas@example.com;midnite
Glen Ross;glen.ross@gmail.com;playing
Franco Wolfrum;franco.wolfrum@web.de;check
Jeanette Holmes;jeanette.holmes@freenet.de;fang
Juan Lechner;juan.lechner@example.com;mattie
Hartmuth Bohr;hartmuth.bohr@example.com;lori
Sylvia Berry;sylvia.berry@gmx.net;gizmodo
Callum Lee;callum.lee@gmail.com;iforgot
Teresa Hanson;teresa.hanson@web.de;magpies
Nick Gehrke;nick.gehrke@gmail.com;linda
Mato Neuhaus;mato.neuhaus@example.com;alpha
Kayla Clark;kayla.clark@example.com;junior
Caroline Young;caroline.young@gmail.com;lookout
Felicia Watts;felicia.watts@gmx.net;formula1
Shane Beck;shane.beck@web.de;dogwood
Uschi Moosmann;uschi.moosmann@freenet.de;groucho
Juan Mitchell;juan.mitchell@example.com;beth
Gwendolyn Gonzalez;gwendolyn.gonzalez@example.com;nymets
Herbert Young;herbert.young@gmail.com;jenn
Andrea Burns;andrea.burns@gmail.com;tail
Francisco Lambert;francisco.lambert@web.de;dddddd
Gwendolyn Chapman;gwendolyn.chapman@freenet.de;devin
Wolf-Dieter Leder;wolf-dieter.leder@example.com;reggae
Ian Hopkins;ian.hopkins@gmx.net;racing
Debra Prescott;debra.prescott@gmail.com;bluemoon
Dogan Kolbe;dogan.kolbe@web.de;recon
Nicky Brown;nicky.brown@example.com;powers
Senol Koll;senol.koll@example.com;ggggggg
Allan Hernandez;allan.hernandez@example.com;maxwell1
Lillian Hughes;lillian.hughes@web.de;wrestlin
Brianna Vasquez;brianna.vasquez@gmail.com;blackjac
Lydia Castro;lydia.castro@gmx.net;tractor
Ryan Russell;ryan.russell@example.com;cococo
Johannes Droste;johannes.droste@example.com;usmarine
Jon Turner;jon.turner@web.de;connor
Ben Stewart;ben.stewart@freenet.de;wolfgang
Britney Thomas;britney.thomas@example.com;pulsar
Kimberly Mason;kimberly.mason@gmail.com;scarlet
Elijah Watkins;elijah.watkins@example.com;worm
Mathew Ray;mathew.ray@web.de;pounding
Lloyd Robertson;lloyd.robertson@gmx.net;talon
Abbie Alvarez;abbie.alvarez@example.com;venom
Claus-Peter Friedmann;claus-peter.friedmann@example.com;1948
Dave Turner;dave.turner@gmail.com;bull
Debbie Graham;debbie.graham@example.com;derek
Stephanie Dixon;stephanie.dixon@web.de;scissors
Barry Banks;barry.banks@example.com;kcj9wx5n
Janet Campbell;janet.campbell@example.com;josephin
Carmelo Szymanski;carmelo.szymanski@gmx.net;snowflak
Frederik Dittrich;frederik.dittrich@freenet.de;danielle
Angela Barnes;angela.barnes@gmail.com;joke
Penny Sims;penny.sims@example.com;lighter
Pearl Cox;pearl.cox@example.com;424242
Callum Terry;callum.terry@web.de;kkkk
Gregor Strohmeier;gregor.strohmeier@example.com;gretchen
Lilian Simon;lilian.simon@example.com;broadway
Arron Gonzales;arron.gonzales@gmx.net;1001
Anselm Vogel;anselm.vogel@gmail.com;sf49ers
Gilbert Garrett;gilbert.garrett@example.com;zhai
Alex Gardner;alex.gardner@example.com;augusta
James James;james.james@web.de;aquarius
Rafael Davidson;rafael.davidson@freenet.de;collie
Ilka Grossmann;ilka.grossmann@example.com;bondage
Sam Wheeler;sam.wheeler@gmx.net;farm
Peter Nichols;peter.nichols@gmail.com;broker
Leonard Coleman;leonard.coleman@example.com;rachel1
Melissa Spencer;melissa.spencer@example.com;keywest
Brooke Young;brooke.young@web.de;grinch
Enrique Hughes;enrique.hughes@example.com;wizards
Helga Stengel;helga.stengel@example.com;bridge
Nikolaos Rott;nikolaos.rott@gmx.net;luna
Samantha Curtis;samantha.curtis@gmail.com;jeanette
Rick Wade;rick.wade@gmail.com;markie
Marshall Grant;marshall.grant@example.com;565656
Arthur Larson;arthur.larson@web.de;shadows
Milton Carroll;milton.carroll@freenet.de;stargate
Rich Fletcher;rich.fletcher@example.com;cougars
Carmelo Trautmann;carmelo.trautmann@gmail.com;4200
Byron Carter;byron.carter@gmail.com;their
Sebastian Shelton;sebastian.shelton@web.de;zenith
Lilli Hammer;lilli.hammer@gmx.net;deer
